Region,sub-01,sub-02,sub-03,sub-04,sub-05,sub-06,sub-07,sub-08,sub-09,sub-10,sub-11,sub-12,sub-13,sub-14,sub-15,sub-16
Frontal Opercular Cortex,9.635183e-05,0.0010138558,0.0009974006,0.00018706314,0.00024989224,0.0011098118,0.0035729397,0.0003961982,0.0023031572,7.680267e-05,0.0012191545,0.0010876997,0.0014880659,0.0026523387,0.0031758004,0.0003933982
Subcallosal Cortex,0.0010770885,0.0005436347,0.0019129077,0.0009099569,0.0007810496,0.0006041638,0.0037305478,0.0002778997,0.0005494766,0.0009396187,2.7190201e-06,0.0015382454,0.0025233633,0.00027349993,0.003258953,0.00010681609
"Parahippocampal Gyrus, posterior division",8.440886e-05,0.00056024623,0.0033636459,0.00028140252,0.0024264934,0.0010193828,0.00089013187,0.00013711746,0.00023967755,0.0020688178,0.00022010897,0.00043642143,0.001889499,0.00070559856,0.0014796802,8.912125e-05
"Parahippocampal Gyrus, anterior division",2.0378495e-06,0.000102318416,0.0017173215,0.00029668066,0.0015640239,0.0008897748,0.0017180034,0.00022766435,0.0004739813,0.00070455746,9.6236196e-05,0.0014451619,0.0016628505,8.726624e-05,0.0024108612,0.00077116775
Planum Polare,0.00012017629,0.0008888367,0.0008881438,0.00047087457,0.00018523725,0.000909096,0.0009437114,0.0007783312,0.0005107857,0.0008050812,0.0010013822,0.0018472405,0.0010114481,0.0008977457,0.0018459482,0.0006724672
Heschl's Gyrus (includes H1 and H2),2.1960258e-08,3.7656275e-06,3.1195985e-05,2.0258483e-05,5.343713e-05,0.0016849436,0.0003554351,7.4048703e-06,1.8450653e-06,2.759144e-06,0.00020292724,0.0001158644,0.008444497,0.00043910035,0.0009630237,0.00055820163
Insular Cortex,0.00024899162,0.00062920444,0.00061284663,0.00012059074,0.00089738437,0.0011420649,0.001811246,0.0006589835,0.00091644045,0.0004185137,0.000749579,0.00089593284,0.000722459,0.0012011083,0.0007135001,0.00032951977
"Inferior Temporal Gyrus, anterior division",0.0011650403,0.00040651855,0.0003145781,0.00023382949,0.001017137,0.0007952446,0.00298917,0.00085178134,0.00072338653,0.00031838854,2.7801193e-06,0.00030411134,0.00019011534,1.0598623e-06,0.0016036127,7.795899e-05
"Cingulate Gyrus, anterior division",1.4870593e-05,4.4698318e-05,0.00050175254,0.00012454369,0.0006143351,0.0003191813,0.0011126467,0.00012359094,0.0005440904,0.0005845378,0.00030805485,0.0012729062,0.0014098557,0.0003672071,0.0028268392,0.0006718822
Frontal Medial Cortex,0.00061877945,0.00078172836,0.0008140313,0.00052456267,7.973202e-05,0.0006920727,0.0023677507,0.0026590673,5.4638904e-06,0.0003398707,8.860849e-06,0.0013102845,5.2300307e-05,0.00011583829,0.00045221602,2.4607505e-06
"Temporal Fusiform Cortex, posterior division",0.00015658968,0.00013377401,0.0009821359,0.0013631276,0.0024630672,0.0001230276,0.0007824438,0.00067894254,0.0003306543,0.00016741086,0.00020862439,5.09525e-05,0.0012818276,0.00022227052,0.0015733908,0.00023212614
Occipital Fusiform Gyrus,1.0955557e-12,1.1112097e-11,3.8547066e-10,4.649449e-10,3.9281217e-10,0.0020139725,9.1535807e-10,1.3849345e-11,1.0539755e-12,1.9083669e-11,0.00069067604,0.003637247,0.0006125083,0.0013320192,0.00043570655,0.0012921832
"Superior Temporal Gyrus, anterior division",6.355915e-05,0.0002580189,0.0006279926,0.00013415945,0.0006399873,0.00025337798,0.0006545152,4.167565e-05,0.00041413266,0.0001722437,0.0015620864,0.0017690304,0.00055953034,9.3589304e-05,0.0017804537,0.0009031292
"Middle Temporal Gyrus, anterior division",0.00041534222,0.00058894977,0.00046316022,0.00029395672,0.00085238164,0.0013003207,0.00041885566,0.0015308674,0.00029322502,0.00076704705,0.0001629233,0.00013526258,0.0017402287,1.039596e-05,0.0008625264,6.31644e-05
"Temporal Fusiform Cortex, anterior division",0.0009024572,8.729551e-05,0.0028546166,0.0015096089,0.00072708016,0.00036067097,5.057095e-05,0.0009467176,0.0005566448,0.0004167456,1.4296753e-06,0.00079940906,3.6874797e-05,2.188772e-07,8.576359e-05,9.695919e-05
Frontal Orbital Cortex,0.00025766937,0.000232083,0.0010274231,4.9575036e-05,0.0013669855,0.0002537047,0.00012310389,0.0009949398,0.0012815533,9.068315e-06,0.00017060651,0.001148801,0.00048170154,1.3984296e-05,0.0014055595,4.791594e-05
Temporal Pole,0.0001174311,0.0007222348,0.0014016889,0.00047959067,0.0006636273,0.0005172727,0.0019192934,1.4479091e-05,0.00023031107,1.5496891e-05,0.00021803881,0.00018189647,7.599752e-06,8.1469654e-05,0.001517543,5.750133e-05
Intracalcarine Cortex,6.5330767e-16,3.0641372e-13,6.4490128e-12,3.858406e-12,1.6354872e-11,0.00032417604,7.16035e-12,2.3995818e-12,5.4620787e-14,1.5367216e-12,0.00076560065,0.0012113352,0.00072123355,0.0032729544,0.00070813793,0.0009719317
Paracingulate Gyrus,2.9185077e-05,0.00011076749,0.0008806955,0.00021670056,0.0003670796,0.00024976445,0.0006596153,0.00039520234,2.3296448e-05,0.0007402285,0.0002203057,0.00024031961,7.9842604e-05,0.0010153126,0.0014422934,0.0003882267
Planum Temporale,1.2672159e-10,2.772155e-09,6.230209e-08,1.2227079e-06,2.8808138e-08,0.0005607982,2.1050458e-07,4.6708546e-08,2.4181503e-09,5.8205057e-08,0.00079138967,0.0007655315,0.0032410398,0.0010436643,3.5623996e-06,0.0001002037
Lingual Gyrus,1.3653783e-08,2.583599e-07,4.5841647e-05,9.088127e-06,2.150785e-05,2.070149e-05,1.1352519e-05,6.6061887e-07,4.0229224e-09,9.775342e-07,7.447536e-05,0.00036274164,0.0011696656,0.0016040597,0.0012331923,0.0018169465
Supracalcarine Cortex,4.4818097e-15,1.5181971e-14,1.060641e-11,2.0708614e-14,4.6719345e-13,3.4448385e-05,1.7965576e-12,2.5480602e-13,1.8236775e-14,6.1013163e-13,0.0003114695,0.0010385755,0.00050215924,0.0038243637,0.00053880835,9.800892e-05
Temporal Occipital Fusiform Cortex,2.7121855e-08,6.7376783e-07,4.7179906e-06,1.6594799e-05,0.0001495693,0.0010252896,0.00021665747,7.727864e-07,5.6571352e-08,4.663745e-07,0.00032069077,0.00028314645,0.0011212775,0.0013949972,0.0008508746,0.00053695455
"Middle Temporal Gyrus, posterior division",1.7356869e-06,3.6012763e-05,1.6134407e-05,0.00016213015,0.00023883274,0.00038295492,3.913308e-06,3.0216863e-05,3.719508e-05,8.3812316e-05,0.0002915741,0.0017133735,0.0018747227,2.958648e-05,0.00049663073,0.00042429238
"Inferior Temporal Gyrus, posterior division",0.00014216837,5.974796e-05,0.00035191327,0.0006980554,0.00022458564,0.00026699103,0.00090484787,9.106392e-05,5.1316038e-05,0.0003372723,1.5293822e-06,0.00028858733,0.0009653667,3.874123e-05,0.0012432737,8.488058e-05
Central Opercular Cortex,1.738489e-06,6.274551e-05,0.00011748634,0.00014377903,4.815285e-05,1.8694447e-05,0.00049308134,0.0001409043,1.3220449e-05,6.4415915e-05,0.0010123351,0.0008352542,0.00027235382,0.0017916752,0.00018790746,0.00016358093
"Inferior Temporal Gyrus, temporooccipital part",1.3477282e-10,3.1040877e-09,2.6973244e-09,4.885554e-07,2.2195798e-06,0.00085199304,2.5535764e-08,2.7572788e-09,9.812194e-10,2.0067061e-09,0.0001870027,0.0019892482,0.0006584361,0.00034237272,0.00010384523,0.00051559025
Precuneous Cortex,9.791077e-14,3.5328115e-14,3.01367e-10,2.7041164e-11,5.994256e-11,7.6087774e-05,2.1343254e-10,1.8395112e-11,2.3993856e-12,9.149267e-11,0.0007679718,0.0003427191,0.0008399158,0.0010050884,0.00074301695,0.00025364457
"Cingulate Gyrus, posterior division",3.100733e-11,4.4546855e-09,1.6665534e-06,2.02284e-09,1.7700705e-08,0.0004663495,3.761434e-07,4.1910386e-08,2.6511845e-10,4.0279127e-09,7.769591e-05,0.00083235186,0.00071662007,0.00037429974,0.00041724832,0.0009878373
"Superior Temporal Gyrus, posterior division",1.7089225e-07,2.6062125e-05,6.248931e-07,5.5790526e-05,1.8664116e-06,7.31703e-05,0.00011815214,5.3218933e-05,2.6895721e-05,4.1234336e-05,3.238304e-05,0.0012230177,0.0006335645,0.0005382693,0.0007139935,0.00012558083
Cuneal Cortex,2.4362266e-18,9.1352616e-17,1.6407384e-15,2.8440447e-16,2.4573817e-15,6.3929045e-05,7.903608e-15,4.395633e-16,2.5684777e-17,5.6135913e-18,0.0003584032,0.00019305838,2.7319857e-07,0.0009190495,0.00033948477,0.0015729201
Juxtapositional Lobule Cortex (formerly Supplementary Motor Cortex),0.0,0.0,0.0,0.0,0.0,0.00013712567,0.0,0.0,0.0,0.0,0.00096280884,9.189232e-05,5.140546e-07,0.0013590048,1.2069351e-05,0.00078622793
Frontal Pole,4.8469997e-06,0.0001342719,0.00017358646,5.1378778e-05,7.373182e-05,0.00022665544,0.00021223143,0.0005488841,0.00054670585,0.00017811776,0.00017602973,0.000211236,0.00013522898,8.394221e-06,0.00053840544,6.990876e-05
Parietal Opercular Cortex,4.9685533e-11,1.6902738e-09,1.6167363e-08,4.356317e-08,7.1299286e-09,0.00025186536,1.1999684e-08,1.1099779e-08,3.2757425e-10,1.0154859e-08,0.00071169576,0.0003796081,0.00016241283,0.00032540827,0.0009934274,0.0001812811
"Inferior Frontal Gyrus, pars opercularis",2.0677346e-05,2.9174587e-05,4.035626e-05,7.509859e-05,8.179836e-07,0.0004594355,0.0001580217,0.00013957788,3.763563e-05,3.2747717e-05,0.00045412953,0.0006831727,0.0001794216,0.00010768097,0.00032964925,5.6446926e-05
"Inferior Frontal Gyrus, pars triangularis",9.065869e-05,0.0008060974,8.709209e-06,3.2602973e-05,2.081926e-05,0.00011539482,0.0002227212,0.00012774057,0.00039459762,3.088525e-05,5.6841403e-05,0.00011242937,5.9747785e-05,1.752496e-05,0.00025317798,0.00034079014
"Lateral Occipital Cortex, inferior division",2.0825959e-15,9.337987e-16,4.964997e-14,3.0427388e-12,1.0811562e-11,0.00037491292,3.5969094e-12,5.0708775e-15,2.8282475e-15,2.0390029e-12,0.0002460251,0.0005224605,5.7302892e-05,0.00056985026,0.00025331436,0.00053498516
"Middle Temporal Gyrus, temporooccipital part",1.3268387e-14,1.3231296e-12,3.7833708e-12,1.2252932e-10,8.1458326e-11,0.00015900577,5.5337786e-11,1.1083471e-12,1.4195523e-12,1.1269266e-12,0.0006637634,0.00010326091,0.0003312631,1.9938461e-05,0.00010818265,0.00075339
"Supramarginal Gyrus, anterior division",3.174658e-16,7.714628e-15,2.9942032e-13,3.3817272e-12,1.6984014e-12,1.8005627e-06,3.3509692e-12,2.0785366e-13,4.0627264e-14,2.8220373e-13,0.00031367014,1.1090086e-05,5.913334e-09,0.0004996851,2.947237e-07,0.00083523674
Angular Gyrus,6.3948605e-17,3.078357e-16,4.6286298e-15,9.071226e-14,1.2065564e-13,3.0396084e-06,1.8932018e-13,2.9769282e-15,6.494568e-17,1.8279615e-14,2.6294883e-05,0.00029394188,1.6020527e-05,0.0004483523,0.000109756584,0.00047936692
"Supramarginal Gyrus, posterior division",2.5743883e-15,5.182905e-14,3.595528e-13,2.6524713e-12,9.947644e-12,2.6599975e-05,1.7914389e-11,1.4828269e-12,9.355301e-13,5.2187323e-13,2.4604671e-05,0.00035114982,1.1917752e-05,8.37806e-05,0.00010688207,0.00054707006
Superior Frontal Gyrus,2.2934076e-08,3.0161566e-08,4.993229e-07,1.8834998e-09,1.1585339e-08,5.45521e-10,3.8994427e-10,4.8425942e-08,6.422723e-09,2.358488e-08,0.00041480013,2.0038928e-07,1.6880479e-07,0.00013212669,2.9770521e-05,0.00024849983
"Lateral Occipital Cortex, superior division",9.112691e-20,8.4660405e-18,2.5602845e-18,4.4637477e-16,7.6788603e-16,3.5417802e-06,7.6037767e-16,7.251477e-18,4.179967e-19,1.1797477e-17,8.015343e-05,5.233955e-05,9.759764e-08,0.00040832578,2.6342718e-06,0.0002520566
Superior Parietal Lobule,0.0,0.0,0.0,0.0,0.0,8.940521e-07,0.0,0.0,0.0,0.0,0.00019949197,2.9875664e-05,5.6796e-08,0.0003597857,5.911996e-07,0.00011699771
Precentral Gyrus,1.7897568e-08,7.4328955e-07,2.2243168e-07,2.8337474e-06,2.5320928e-06,5.821847e-05,9.182195e-07,1.8462395e-06,9.157622e-07,1.1803363e-06,0.00012471322,4.9046204e-05,2.2010421e-05,0.00013897201,1.2778186e-05,0.00014159549
Postcentral Gyrus,9.236202e-13,3.307417e-11,2.0144114e-10,1.1484385e-09,3.9485375e-09,6.2538345e-07,4.447046e-10,2.1047947e-10,1.6114145e-10,1.5135321e-10,0.0003155463,1.2064544e-05,3.0125385e-08,0.00010645886,1.8155758e-07,0.00010099287
Middle Frontal Gyrus,1.9729162e-08,5.087741e-07,9.721893e-08,1.2545719e-08,1.7688016e-08,1.3841525e-05,8.990192e-09,1.0026516e-07,1.6059593e-07,2.967422e-08,5.8829282e-06,4.9930495e-06,1.0169886e-05,7.721671e-05,8.510659e-06,0.00035420866
Occipital Pole,0.0,0.0,0.0,0.0,0.0,9.0016374e-07,0.0,0.0,0.0,0.0,3.1764102e-05,6.890226e-05,1.1162554e-07,0.0001482564,3.6888468e-07,8.744882e-06
